Open_time,Open,High,Low,Close,Volume,Quote asset volume,Number of trades,Open_BTCUSDT,High_BTCUSDT,Low_BTCUSDT,Close_BTCUSDT,Volume_BTCUSDT,Quote_asset_volume_BTCUSDT,Number_of_trades_BTCUSDT,Open_ETHUSDT,High_ETHUSDT,Low_ETHUSDT,Close_ETHUSDT,Volume_ETHUSDT,Quote_asset_volume_ETHUSDT,Number_of_trades_ETHUSDT,Open_BNBUSDT,High_BNBUSDT,Low_BNBUSDT,Close_BNBUSDT,Volume_BNBUSDT,Quote_asset_volume_BNBUSDT,Number_of_trades_BNBUSDT,SMA_20,EMA_20,Upper_Band,Middle_Band,Lower_Band,RSI,MACD,Signal,ADX,SlowK,SlowD,CCI,ATR,MFI,buy_1000x_high_coinbase,sell_1000x_high_coinbase,total_trades_coinbase,Sentimiento,Tweets_Utilizados,Cantidad_pos,Cantidad_neg,Cantidad_neu,Compound total,Sentimiento_coin,Tweets_Utilizados_coin,Cantidad_pos_coin,Cantidad_neg_coin,Cantidad_neu_coin,Compound total coin,Sentimiento_referentes,Tweets_Utilizados_referentes,Cantidad_pos_referentes,Cantidad_neg_referentes,Cantidad_neu_referentes,Compound total referentes,Tweets_Utilizados_whale_alert,Buy_1000x_high,sell_1000x_high,total_trades_binance
2024-03-20,8.76600000,9.56700000,8.48800000,9.48300000,12729562.23000000,115192954.03982000,267797,61937.41000000,68100.00000000,60775.00000000,67840.51000000,90420.58592000,5769770052.06258297,3549793,3158.65000000,3535.24000000,3056.56000000,3516.53000000,1207322.82010000,3957251428.89904070,2987953,507.70000000,559.00000000,500.00000000,556.80000000,1425296.57900000,749188287.29999983,809335,10.14305000,9.79926466,11.68476690,10.14305000,8.60133310,49.41870588,0.40590551,0.67511446,23.44424538,26.95829566,35.84428219,-150.24136651,0.99404872,50.85878293,,,,pos,136,58.00000000,30.00000000,48.00000000,10.75430000,pos,160,80.00000000,30.00000000,50.00000000,28.20310000,pos,1,1.00000000,0.00000000,0.00000000,0.44040000,40,473.00000000,386.00000000,171000.00000000
2024-03-21,9.48300000,9.58300000,9.06700000,9.17900000,7536093.12000000,70326185.56471001,156774,67840.51000000,68240.47000000,64529.01000000,65501.27000000,53357.48002000,3551223142.96441698,2388390,3516.53000000,3587.32000000,3412.00000000,3492.85000000,602755.20720000,2114084858.15653515,1791989,556.70000000,571.00000000,540.60000000,553.80000000,953921.37200000,530484956.59649998,563996,10.16895000,9.74019184,11.62524385,10.16895000,8.71265615,47.05195703,0.31546569,0.60318471,23.12673082,18.20692720,26.50589035,-111.92387328,0.95990239,49.35013673,64.00000000,78.00000000,66543.00000000,pos,122,59.00000000,22.00000000,41.00000000,22.28360000,pos,167,89.00000000,31.00000000,47.00000000,43.21740000,neu,0,0.00000000,0.00000000,0.00000000,0.00000000,24,350.00000000,290.00000000,101000.00000000
2024-03-22,9.17900000,9.36700000,8.69400000,8.93600000,6104700.92000000,55019173.18080000,147578,65501.28000000,66649.62000000,62260.00000000,63796.64000000,51482.37821000,3310481978.10764503,2492881,3492.84000000,3542.52000000,3250.00000000,3336.35000000,558848.88800000,1891771641.01900721,1747756,553.80000000,588.10000000,535.50000000,553.80000000,1181298.51000000,665146195.22309995,712381,10.14260000,9.66360214,11.66653391,10.14260000,8.61866609,45.18896674,0.22162861,0.52687349,23.28229119,20.91541703,22.02687996,-116.79303976,0.93940936,51.60694334,56.00000000,66.00000000,68616.00000000,pos,110,50.00000000,21.00000000,39.00000000,15.73650000,pos,177,96.00000000,31.00000000,50.00000000,38.81300000,neu,0,0.00000000,0.00000000,0.00000000,0.00000000,41,252.00000000,206.00000000,92000.00000000
2024-03-23,8.93900000,9.22400000,8.85200000,8.96800000,3464506.12000000,31440053.88562000,82610,63796.64000000,65999.00000000,63000.00000000,63990.01000000,26410.11409000,1706152172.63161349,1753566,3336.35000000,3435.48000000,3270.08000000,3329.53000000,323675.94480000,1089778379.60122871,1129683,553.80000000,567.70000000,543.40000000,551.90000000,608753.32900000,338703185.90310001,381050,10.10195000,9.59735431,11.70368375,10.10195000,8.50021625,45.49502033,0.14813655,0.45112610,23.42674010,15.86788200,18.33007541,-98.90658174,0.89888012,49.64892061,32.00000000,37.00000000,37381.00000000,pos,96,42.00000000,24.00000000,30.00000000,10.04540000,pos,147,77.00000000,24.00000000,46.00000000,35.54530000,neu,0,0.00000000,0.00000000,0.00000000,0.00000000,8,146.00000000,153.00000000,53000.00000000
2024-03-24,8.96700000,9.43000000,8.95200000,9.37000000,3551552.34000000,32635454.36433000,85961,63990.02000000,67628.69000000,63772.29000000,67209.99000000,31395.78015000,2059312948.64868808,1880774,3329.53000000,3471.22000000,3298.76000000,3454.98000000,260824.14080000,879033073.03145421,1090982,551.90000000,573.00000000,548.70000000,567.70000000,442930.35000000,247685878.07800001,316278,10.07735000,9.57570152,11.70792208,10.07735000,8.44677792,49.32325826,0.12093752,0.38508839,23.13579516,17.73988043,18.17439315,-65.69566374,0.86881725,53.00425045,31.00000000,16.00000000,40927.00000000,pos,82,41.00000000,20.00000000,21.00000000,13.16390000,pos,129,74.00000000,23.00000000,32.00000000,27.97330000,neu,0,0.00000000,0.00000000,0.00000000,0.00000000,12,167.00000000,161.00000000,55000.00000000
2024-03-25,9.37200000,9.83200000,9.28700000,9.73500000,6350466.97000000,60894231.33409000,134426,67210.00000000,71150.00000000,66385.06000000,69880.01000000,53431.14486000,3679964073.81121302,2632220,3454.99000000,3666.00000000,3420.12000000,3590.42000000,548577.69420000,1945377748.66026878,1610130,567.80000000,598.00000000,564.40000000,587.00000000,802695.51200000,469579231.51330000,583070,10.09810000,9.59087281,11.69990147,10.09810000,8.49629853,52.57994713,0.12736634,0.33354398,22.09195259,25.57091052,19.72622431,-25.75749957,0.84568745,49.98639208,36.00000000,48.00000000,46920.00000000,pos,172,76.00000000,24.00000000,72.00000000,26.49050000,pos,148,64.00000000,27.00000000,57.00000000,29.05250000,neu,0,0.00000000,0.00000000,0.00000000,0.00000000,34,343.00000000,353.00000000,85000.00000000
2024-03-26,9.73700000,10.05700000,9.52500000,9.68900000,8244078.96000000,80673527.43835001,174875,69880.00000000,71561.10000000,69280.00000000,69988.00000000,38934.38417000,2738537345.33587980,2176807,3590.43000000,3678.86000000,3542.62000000,3587.33000000,499013.83840000,1800812035.84622407,1373691,587.10000000,597.00000000,571.90000000,580.40000000,569324.07900000,332801887.09259999,435915,10.05535000,9.60021825,11.65289966,10.05535000,8.45780034,52.12530897,0.12728218,0.29229162,20.72064302,32.63745957,25.31608350,-6.44338329,0.82328120,56.94129978,49.00000000,47.00000000,55875.00000000,pos,153,80.00000000,29.00000000,44.00000000,29.90260000,pos,144,78.00000000,23.00000000,43.00000000,36.75650000,pos,1,1.00000000,0.00000000,0.00000000,0.84580000,49,485.00000000,381.00000000,111000.00000000
2024-03-27,9.68900000,9.81400000,9.30400000,9.44500000,7078224.52000000,67565489.84129000,146861,69987.99000000,71769.54000000,68359.18000000,69469.99000000,49119.35685000,3426458581.94334412,2453366,3587.32000000,3665.84000000,3460.02000000,3501.19000000,443195.32970000,1576098628.30797601,1436593,580.40000000,585.60000000,560.30000000,574.30000000,531668.40200000,305741133.05199999,425362,10.00750000,9.58543556,11.61792808,10.00750000,8.39707192,49.67188259,0.10630135,0.25509356,19.80801624,33.37253749,30.52696919,-23.04871684,0.80090397,50.24856178,23.00000000,22.00000000,56147.00000000,pos,163,92.00000000,30.00000000,41.00000000,31.21630000,pos,218,143.00000000,36.00000000,39.00000000,70.91430000,pos,1,1.00000000,0.00000000,0.00000000,0.97090000,49,314.00000000,293.00000000,88000.00000000
2024-03-28,9.44800000,9.65900000,9.30000000,9.52200000,5433742.81000000,51686915.65022000,124191,69469.99000000,71552.06000000,68903.62000000,70780.60000000,35439.03239000,2500571208.00262785,1799897,3501.20000000,3611.78000000,3465.00000000,3560.49000000,404654.03110000,1436630524.62304306,1158353,574.20000000,591.70000000,574.10000000,583.40000000,503901.62400000,294749471.64279997,417770,9.95175000,9.57939408,11.54828824,9.95175000,8.35521176,50.46425379,0.09479441,0.22303373,18.96723598,31.86122825,32.62374177,-12.54847382,0.76933940,39.09454902,54.00000000,103.00000000,43771.00000000,neu,138,59.00000000,44.00000000,35.00000000,3.53200000,pos,131,64.00000000,29.00000000,38.00000000,22.62670000,neu,0,0.00000000,0.00000000,0.00000000,0.00000000,45,283.00000000,229.00000000,80000.00000000
2024-03-29,9.52400000,9.81000000,9.34400000,9.60100000,6430200.46000000,61359950.63986000,129741,70780.60000000,70916.16000000,69009.00000000,69850.54000000,25445.08353000,1779608477.32245350,1522607,3560.49000000,3584.37000000,3445.91000000,3509.74000000,323086.17900000,1138548291.15838671,951744,583.40000000,620.00000000,582.10000000,612.50000000,1042401.16900000,635441895.78020000,774967,9.90715000,9.58145179,11.49049851,9.90715000,8.32380149,51.31122355,0.09100072,0.19662713,17.88136920,35.47798641,33.57058405,25.08569991,0.74767230,50.31313412,65.00000000,65.00000000,44322.00000000,pos,114,59.00000000,21.00000000,34.00000000,16.60100000,pos,121,63.00000000,22.00000000,36.00000000,24.35510000,neg,1,0.00000000,1.00000000,0.00000000,-0.58590000,41,313.00000000,326.00000000,75000.00000000
2024-03-30,9.60100000,9.69900000,9.38700000,9.42900000,3097586.67000000,29561625.44045000,76410,69850.53000000,70321.10000000,69540.00000000,69582.18000000,13644.61142000,954555919.68557441,1110488,3509.74000000,3565.81000000,3485.00000000,3505.64000000,216025.26340000,759625521.45189202,750249,612.50000000,612.90000000,596.90000000,600.70000000,501020.14800000,303309397.29589999,418779,9.86555000,9.56693257,11.45323819,9.86555000,8.27786181,49.33344931,0.07327061,0.17195583,16.87306433,42.03673906,36.45865124,17.12299692,0.71655285,55.87118645,24.00000000,48.00000000,31082.00000000,pos,97,52.00000000,21.00000000,24.00000000,16.37610000,pos,111,57.00000000,24.00000000,30.00000000,20.90240000,neu,0,0.00000000,0.00000000,0.00000000,0.00000000,9,149.00000000,107.00000000,49000.00000000
2024-03-31,9.42900000,9.64900000,9.41400000,9.64700000,2347041.29000000,22412540.66799000,56605,69582.17000000,71366.00000000,69562.99000000,71280.01000000,19396.34433000,1367523707.26124525,1181926,3505.65000000,3655.32000000,3505.09000000,3645.29000000,243464.98770000,878141654.34598207,722927,600.70000000,608.80000000,600.40000000,606.70000000,325136.96700000,196801011.34639999,281965,9.79575000,9.57455804,11.29025351,9.79575000,8.30124649,51.86583870,0.07593482,0.15275163,15.93678124,50.95691158,42.82387902,41.77849652,0.68215622,62.59217918,15.00000000,19.00000000,29472.00000000,pos,101,44.00000000,13.00000000,44.00000000,16.36970000,pos,135,68.00000000,36.00000000,31.00000000,22.96380000,neu,0,0.00000000,0.00000000,0.00000000,0.00000000,16,107.00000000,96.00000000,36000.00000000
2024-04-01,9.64700000,9.74700000,8.92300000,9.14300000,6554213.02000000,60640113.48337000,142433,71280.00000000,71288.23000000,68062.86000000,69649.80000000,41445.32039000,2876486469.46552277,1893438,3645.29000000,3645.95000000,3413.71000000,3503.80000000,408854.12250000,1437691729.03231406,1115133,606.70000000,607.70000000,568.70000000,575.80000000,723114.09000000,422232040.53969997,550127,9.71610000,9.53345727,11.17094252,9.71610000,8.26125748,46.12583569,0.03695169,0.12959164,16.01851051,49.48455077,47.49273380,-31.00423472,0.69228792,54.10025734,31.00000000,46.00000000,57710.00000000,pos,102,50.00000000,13.00000000,39.00000000,18.19220000,pos,118,73.00000000,20.00000000,25.00000000,33.22610000,neu,0,0.00000000,0.00000000,0.00000000,0.00000000,53,276.00000000,207.00000000,88000.00000000
2024-04-02,9.14300000,9.14300000,8.37000000,8.58200000,8040640.57000000,69467412.20221999,180154,69649.81000000,69674.23000000,64550.00000000,65463.99000000,71799.82793000,4750030717.92242527,2662410,3503.80000000,3505.60000000,3212.00000000,3278.96000000,623264.64760000,2068004456.06282353,1581408,575.80000000,578.20000000,546.30000000,551.40000000,998260.81400000,557890803.73389995,619723,9.57650000,9.44284229,10.89790993,9.57650000,8.25509007,40.72337642,-0.03876390,0.09592053,16.94556529,37.73509936,46.05885391,-177.80643455,0.69805307,58.78404429,57.00000000,44.00000000,74643.00000000,pos,138,56.00000000,33.00000000,49.00000000,10.24040000,pos,112,57.00000000,17.00000000,38.00000000,22.62570000,neu,0,0.00000000,0.00000000,0.00000000,0.00000000,45,354.00000000,268.00000000,116000.00000000
2024-04-03,8.58200000,8.78000000,8.28400000,8.41600000,5456340.40000000,46799379.00963000,125872,65463.99000000,66903.63000000,64493.07000000,65963.28000000,39887.21778000,2630556596.13592863,2172096,3278.96000000,3367.40000000,3202.79000000,3310.83000000,410484.19330000,1358993604.79861474,1113644,551.40000000,567.90000000,539.00000000,561.50000000,683925.23300000,380450017.15630001,403926,9.41940000,9.34504779,10.48311338,9.41940000,8.35568662,39.25814267,-0.11088563,0.05455930,17.92559819,20.58601004,35.93522006,-183.64500096,0.68362071,48.59463218,62.00000000,54.00000000,49879.00000000,pos,98,40.00000000,16.00000000,42.00000000,12.41250000,pos,109,50.00000000,23.00000000,36.00000000,17.61720000,neu,0,0.00000000,0.00000000,0.00000000,0.00000000,50,247.00000000,294.00000000,83000.00000000
2024-04-04,8.41600000,8.71100000,8.26300000,8.48600000,5143837.32000000,43732433.43625000,95530,65963.27000000,69309.91000000,65064.52000000,68487.79000000,41510.48453000,2795469450.57238579,2000945,3310.83000000,3443.93000000,3250.92000000,3327.40000000,356338.57160000,1187792289.21437073,965695,561.60000000,597.60000000,560.80000000,585.50000000,879640.68000000,513029443.18140000,573215,9.30320000,9.26323372,10.23323755,9.30320000,8.37316245,40.23467595,-0.16054357,0.01153872,18.86604906,10.81400606,23.04503849,-140.82744547,0.66679066,40.58772440,44.00000000,45.00000000,44081.00000000,pos,132,62.00000000,26.00000000,44.00000000,19.43470000,pos,128,60.00000000,23.00000000,45.00000000,25.69670000,pos,1,1.00000000,0.00000000,0.00000000,0.86220000,40,341.00000000,245.00000000,60000.00000000
2024-04-05,8.48600000,8.51100000,8.07600000,8.37900000,4594358.61000000,38114145.02133000,87487,68487.80000000,68756.67000000,65952.56000000,67820.62000000,37915.23073000,2555458935.23600864,1901980,3327.39000000,3350.00000000,3210.00000000,3317.85000000,344556.79830000,1132252495.88912392,854139,585.40000000,591.50000000,564.40000000,577.80000000,634206.61900000,367049671.06989998,487996,9.23805000,9.17902098,10.23309924,9.23805000,8.24300076,39.19732472,-0.20615541,-0.03200010,20.01312756,11.72354572,14.37452061,-138.41662233,0.65023418,41.56024024,20.00000000,39.00000000,38732.00000000,pos,97,33.00000000,25.00000000,39.00000000,10.53820000,pos,133,71.00000000,26.00000000,36.00000000,26.79750000,neu,0,0.00000000,0.00000000,0.00000000,0.00000000,32,304.00000000,224.00000000,55000.00000000
2024-04-06,8.37900000,8.55500000,8.32900000,8.49400000,3135750.79000000,26414887.39032000,56030,67820.63000000,69692.00000000,67447.83000000,68896.00000000,20134.28919000,1373131967.76481867,1171460,3317.85000000,3398.42000000,3306.68000000,3351.59000000,183312.21250000,612681489.14895403,549985,577.80000000,591.30000000,575.10000000,585.40000000,226975.99600000,132278897.61390001,224088,9.15860000,9.11378089,10.12441973,9.15860000,8.19278027,40.95920448,-0.23036805,-0.07167369,20.94431126,16.27536101,12.93763760,-97.99186832,0.61993174,41.16309917,8.00000000,7.00000000,26789.00000000,pos,74,35.00000000,15.00000000,24.00000000,13.54040000,pos,137,78.00000000,28.00000000,31.00000000,36.21540000,neu,0,0.00000000,0.00000000,0.00000000,0.00000000,11,277.00000000,204.00000000,36000.00000000
2024-04-07,8.49500000,8.74100000,8.45800000,8.70400000,3777830.16000000,32605410.22559000,68247,68896.00000000,70326.29000000,68824.00000000,69360.39000000,21534.74433000,1496213373.18557763,1269048,3351.59000000,3459.94000000,3344.08000000,3454.20000000,210459.07520000,715174110.57383502,748530,585.50000000,591.10000000,578.00000000,583.90000000,263849.21600000,154585203.35969999,251758,9.09870000,9.07475414,10.02025262,9.09870000,8.17714738,44.14225212,-0.22996065,-0.10333109,21.24339928,22.69897358,16.89929344,-62.01090051,0.59586519,41.14310620,11.00000000,13.00000000,27525.00000000,pos,100,43.00000000,16.00000000,41.00000000,9.26770000,pos,113,51.00000000,26.00000000,36.00000000,16.98140000,neu,0,0.00000000,0.00000000,0.00000000,0.00000000,8,316.00000000,277.00000000,41000.00000000
2024-04-08,8.70400000,9.09600000,8.57000000,9.04300000,5282323.07000000,47097531.48028000,100101,69360.38000000,72797.99000000,69043.24000000,71620.00000000,45723.87624000,3270853309.66294241,2037025,3454.20000000,3730.71000000,3406.36000000,3694.61000000,496841.35320000,1787240600.80865669,1333378,583.80000000,601.10000000,577.70000000,586.40000000,483568.31200000,285425656.26929998,439330,9.11255000,9.07172993,10.02193143,9.11255000,8.20316857,48.92889754,-0.19997810,-0.12266049,20.54696249,33.87178193,24.28203884,-20.45699326,0.59087482,39.92351913,20.00000000,32.00000000,38745.00000000,pos,139,52.00000000,28.00000000,59.00000000,15.80390000,pos,192,97.00000000,45.00000000,50.00000000,33.52190000,neu,0,0.00000000,0.00000000,0.00000000,0.00000000,34,346.00000000,332.00000000,62000.00000000
2024-04-09,9.04300000,9.13700000,8.63200000,8.65900000,6315720.00000000,56122742.15438000,124287,71620.00000000,71758.19000000,68210.00000000,69146.00000000,39293.90242000,2749007421.64210749,1804157,3694.61000000,3727.34000000,3450.46000000,3506.39000000,457592.25200000,1643610851.75092006,1046479,586.30000000,590.30000000,571.20000000,580.50000000,596275.79200000,345991219.25870001,482272,9.07135000,9.03242232,9.98452014,9.07135000,8.15817986,44.29816419,-0.20484102,-0.13909659,19.79375755,38.01973176,31.53016242,-26.44573081,0.58474090,29.12594802,73.00000000,44.00000000,52769.00000000,pos,104,48.00000000,24.00000000,32.00000000,13.94130000,pos,185,96.00000000,33.00000000,56.00000000,35.61800000,neu,0,0.00000000,0.00000000,0.00000000,0.00000000,27,344.00000000,265.00000000,72000.00000000
2024-04-10,8.65700000,8.70100000,8.12200000,8.40800000,6364196.82000000,53520436.99866000,129108,69146.00000000,71172.08000000,67518.00000000,70631.08000000,42006.02377000,2901564970.81580400,1852170,3506.40000000,3562.95000000,3411.82000000,3545.64000000,389404.90550000,1361401195.43178511,915957,580.40000000,610.60000000,573.40000000,609.70000000,816050.70000000,483100690.56720001,590395,9.03280000,8.97295353,9.98863693,9.03280000,8.07696307,41.53130473,-0.22633942,-0.15654516,20.07110651,33.83483879,35.24211749,-79.00091094,0.58433084,29.75761187,47.00000000,60.00000000,81524.00000000,pos,119,45.00000000,30.00000000,44.00000000,8.75780000,pos,144,77.00000000,30.00000000,37.00000000,30.27340000,neu,0,0.00000000,0.00000000,0.00000000,0.00000000,29,325.00000000,326.00000000,78000.00000000
2024-04-11,8.40800000,8.52800000,8.18300000,8.38400000,4548223.43000000,37946317.36623000,82773,70631.08000000,71305.89000000,69567.21000000,70006.23000000,31917.25595000,2247473274.61625767,1658995,3545.64000000,3618.30000000,3474.52000000,3502.52000000,338139.55340000,1197654094.44620705,890107,609.70000000,618.40000000,592.00000000,604.60000000,579678.19400000,350892798.40079999,473253,9.00520000,8.91686272,10.00163938,9.00520000,8.00876062,41.26589621,-0.24251806,-0.17373974,20.32864483,23.48439500,31.77965518,-78.39680013,0.56723578,30.40141275,40.00000000,29.00000000,36096.00000000,pos,132,70.00000000,21.00000000,41.00000000,28.04500000,pos,116,46.00000000,31.00000000,39.00000000,8.80050000,neu,0,0.00000000,0.00000000,0.00000000,0.00000000,29,332.00000000,243.00000000,50000.00000000
2024-04-12,8.38200000,8.49000000,6.50300000,7.24000000,18112289.17000000,133913522.69259000,379793,70006.22000000,71227.46000000,65086.86000000,67116.52000000,56072.86229000,3843551585.32127380,2496617,3502.52000000,3552.40000000,3100.00000000,3237.43000000,697327.11740000,2328197177.42049503,1423600,604.60000000,634.50000000,571.00000000,595.60000000,1517722.65800000,922093314.93890011,1060352,8.91880000,8.75716150,10.17814151,8.91880000,7.65945849,31.07257002,-0.34368915,-0.20772962,22.57008618,19.87591560,25.73171646,-212.80845522,0.66864751,18.41719620,89.00000000,113.00000000,111995.00000000,pos,125,57.00000000,28.00000000,40.00000000,18.77320000,pos,109,56.00000000,18.00000000,35.00000000,23.05940000,neu,0,0.00000000,0.00000000,0.00000000,0.00000000,46,657.00000000,595.00000000,231000.00000000
2024-04-13,7.24000000,7.33400000,5.69300000,6.38800000,21049661.80000000,137108512.81321001,459450,67116.52000000,67929.00000000,60660.57000000,63924.51000000,71395.22019000,4614468627.80904484,3341340,3237.42000000,3301.90000000,2852.00000000,3007.01000000,994971.23540000,3066250202.83582497,2037632,595.60000000,600.20000000,508.00000000,553.10000000,1761628.47300000,988296299.56079996,1267107,8.76970000,8.53152708,10.42417612,8.76970000,7.11522388,25.93449254,-0.48700338,-0.26358437,25.20387813,19.20827553,20.85619538,-282.22092854,0.73810126,15.97485463,87.00000000,126.00000000,138672.00000000,neu,149,49.00000000,56.00000000,44.00000000,-3.62970000,pos,130,52.00000000,37.00000000,41.00000000,8.38590000,neu,0,0.00000000,0.00000000,0.00000000,0.00000000,22,660.00000000,554.00000000,276000.00000000
2024-04-14,6.38900000,6.92900000,6.19300000,6.85500000,15785330.10000000,103908491.11701000,296621,63924.52000000,65840.00000000,62134.00000000,65661.84000000,61599.17818000,3946124834.69703531,2657953,3007.01000000,3174.23000000,2906.73000000,3155.11000000,737580.46660000,2244354713.13561583,1680666,553.00000000,576.00000000,536.10000000,566.40000000,965488.00300000,533164946.82690001,692805,8.62570000,8.37185783,10.41489022,8.62570000,6.83650978,32.52098470,-0.55648315,-0.32216413,27.64954208,22.84182545,20.64200553,-176.54063258,0.73795117,23.79673721,24.00000000,57.00000000,84059.00000000,pos,109,46.00000000,33.00000000,30.00000000,10.83770000,pos,120,57.00000000,23.00000000,40.00000000,19.12390000,neu,1,0.00000000,0.00000000,1.00000000,0.00000000,26,495.00000000,478.00000000,159000.00000000
2024-04-15,6.85500000,7.20600000,6.42900000,6.70800000,9782724.46000000,66986966.76355000,166710,65661.85000000,66867.07000000,62274.40000000,63419.99000000,52389.53069000,3398072231.56122398,2539048,3155.11000000,3277.85000000,3023.19000000,3101.99000000,605430.88630000,1911310147.23066354,1540774,566.40000000,585.50000000,544.70000000,552.70000000,698443.30300000,395592622.75260001,596403,8.47665000,8.21339518,10.37973468,8.47665000,6.57356532,31.56931025,-0.61630367,-0.38099204,29.24029199,25.07563354,22.37524484,-121.36259849,0.74074037,31.07300142,19.00000000,30.00000000,60845.00000000,pos,155,78.00000000,28.00000000,49.00000000,26.02810000,pos,114,52.00000000,30.00000000,32.00000000,12.92130000,neu,0,0.00000000,0.00000000,0.00000000,0.00000000,31,366.00000000,328.00000000,94000.00000000
2024-04-16,6.70800000,6.82100000,6.37100000,6.70200000,5720075.35000000,37755851.85471000,115518,63419.99000000,64365.00000000,61600.00000000,63793.39000000,53435.29331000,3355338198.44691277,2604354,3102.00000000,3128.01000000,2986.00000000,3084.22000000,526113.85500000,1610290812.17309475,1461779,552.70000000,554.20000000,522.80000000,537.60000000,623668.81300000,336470058.89080000,452185,8.33950000,8.06945278,10.33670480,8.33950000,6.34229520,31.52875472,-0.65662684,-0.43611900,30.76495401,29.12688913,25.68144937,-106.54962254,0.71997320,32.22756143,22.00000000,13.00000000,41431.00000000,pos,130,56.00000000,22.00000000,52.00000000,20.33020000,pos,100,44.00000000,20.00000000,36.00000000,14.47570000,neu,0,0.00000000,0.00000000,0.00000000,0.00000000,51,176.00000000,144.00000000,73000.00000000
2024-04-17,6.70000000,6.77900000,6.32600000,6.58300000,4881081.63000000,32025544.18089000,96753,63793.40000000,64499.00000000,59678.16000000,61277.37000000,50610.54509000,3128625247.47385263,2458327,3084.21000000,3123.75000000,2914.47000000,2985.41000000,491897.56610000,1483253378.35815811,1348404,537.50000000,547.90000000,512.60000000,534.10000000,657909.35800000,350644262.60270000,464395,8.19255000,7.92788585,10.25163887,8.19255000,6.13346113,30.68674659,-0.69022901,-0.48694100,32.21947269,28.18655423,27.46302563,-92.18570361,0.70090369,32.77193686,17.00000000,11.00000000,35062.00000000,pos,137,68.00000000,23.00000000,46.00000000,23.41500000,pos,116,65.00000000,17.00000000,34.00000000,29.41290000,neu,0,0.00000000,0.00000000,0.00000000,0.00000000,40,209.00000000,174.00000000,63000.00000000
2024-04-18,6.58000000,6.82900000,6.44500000,6.78400000,3726348.91000000,24841284.31859000,81094,61277.38000000,64117.09000000,60803.35000000,63470.08000000,43601.60918000,2726741448.88680220,2142511,2985.41000000,3094.40000000,2950.98000000,3064.40000000,389060.71330000,1177977125.35813904,1168254,534.00000000,555.90000000,527.00000000,552.10000000,589697.29600000,322107047.89270002,470350,8.05170000,7.81894434,10.09144225,8.05170000,6.01195775,33.89788201,-0.69265545,-0.52808389,33.43008680,28.93921796,28.75088711,-70.87292006,0.67826771,36.52080249,27.00000000,22.00000000,39044.00000000,pos,125,42.00000000,32.00000000,51.00000000,10.65130000,pos,168,82.00000000,33.00000000,53.00000000,36.24560000,neu,0,0.00000000,0.00000000,0.00000000,0.00000000,30,116.00000000,137.00000000,56000.00000000
2024-04-19,6.78300000,6.91700000,6.27400000,6.68200000,7702126.65000000,51228128.14886000,137895,63470.09000000,65450.00000000,59600.01000000,63818.01000000,69774.30271000,4419893235.18328762,2828284,3064.40000000,3128.89000000,2865.18000000,3056.46000000,607850.40190000,1843119282.76954889,1465901,552.00000000,564.30000000,524.00000000,554.00000000,545504.18300000,299560802.64020002,367418,7.91435000,7.71066393,9.93447695,7.91435000,5.89422305,33.06084421,-0.69479975,-0.56142706,34.71976590,28.74564460,28.62380560,-65.91220494,0.67574859,35.96563814,35.00000000,35.00000000,49992.00000000,pos,195,80.00000000,55.00000000,60.00000000,21.30500000,pos,105,52.00000000,25.00000000,28.00000000,22.49450000,pos,1,1.00000000,0.00000000,0.00000000,0.90220000,49,419.00000000,283.00000000,88000.00000000
2024-04-20,6.68100000,7.28300000,6.60800000,7.24100000,3963964.15000000,27581039.65691000,71819,63818.01000000,65419.00000000,63090.07000000,64940.59000000,23137.42975000,1486949581.43947911,1376712,3056.45000000,3171.88000000,3018.75000000,3155.79000000,242577.63710000,749727918.39625788,812118,554.10000000,574.30000000,548.80000000,570.90000000,242132.85900000,136141960.46300000,214259,7.79405000,7.66593403,9.66842707,7.79405000,5.91967293,41.57544418,-0.64396922,-0.57793549,34.88835358,35.11420828,30.93302362,-29.96389748,0.67569512,36.07171550,34.00000000,25.00000000,37309.00000000,pos,164,78.00000000,40.00000000,46.00000000,15.89220000,pos,154,59.00000000,38.00000000,57.00000000,11.70260000,pos,3,2.00000000,1.00000000,0.00000000,0.70040000,19,192.00000000,221.00000000,48000.00000000
2024-04-21,7.24100000,7.28800000,6.96200000,7.14000000,2994106.76000000,21401341.30925000,50838,64940.58000000,65695.56000000,64237.50000000,64941.15000000,19316.42152000,1254396628.15317631,1390153,3155.79000000,3197.18000000,3116.49000000,3147.67000000,219970.50720000,694988777.19102395,767260,570.90000000,582.60000000,566.30000000,579.60000000,277755.72400000,159867167.93529999,259682,7.69390000,7.61584507,9.48129821,7.69390000,5.90650179,40.57129749,-0.60486303,-0.58332100,35.03121971,38.55981417,34.13988902,-16.79810324,0.65071689,35.20496858,17.00000000,13.00000000,28515.00000000,pos,96,43.00000000,22.00000000,31.00000000,6.61770000,pos,114,54.00000000,24.00000000,36.00000000,18.91340000,neu,0,0.00000000,0.00000000,0.00000000,0.00000000,15,147.00000000,197.00000000,34000.00000000
2024-04-22,7.13900000,7.58300000,7.08900000,7.46600000,5143305.97000000,38115624.70031000,93098,64941.15000000,67232.35000000,64500.00000000,66819.32000000,31397.99371000,2071690434.97655201,1816591,3147.66000000,3235.00000000,3129.15000000,3200.20000000,290879.95690000,928957385.38023007,993579,579.60000000,608.70000000,578.40000000,604.50000000,522892.15700000,312535591.88830000,421292,7.63810000,7.60157411,9.38021973,7.63810000,5.89598027,45.17414502,-0.54132555,-0.57492191,34.36668325,46.14789005,39.94063750,18.11575415,0.63952283,34.48988236,42.00000000,55.00000000,42572.00000000,pos,150,63.00000000,36.00000000,51.00000000,12.26410000,pos,167,85.00000000,25.00000000,57.00000000,39.38060000,neu,0,0.00000000,0.00000000,0.00000000,0.00000000,29,252.00000000,289.00000000,61000.00000000
2024-04-23,7.46700000,7.54300000,7.20500000,7.24200000,4802056.52000000,35496925.27651000,78516,66819.32000000,67183.01000000,65765.81000000,66414.00000000,22599.90004000,1502139968.71988153,1433915,3200.19000000,3263.61000000,3152.00000000,3219.46000000,253914.22630000,813798516.32038593,844893,604.40000000,618.30000000,598.70000000,606.20000000,556883.34400000,338016342.92970002,467839,7.57940000,7.56732896,9.29157749,7.57940000,5.86722251,42.72546392,-0.50324547,-0.56058662,33.74961368,48.33064853,44.34611758,30.82893061,0.61798548,35.36904077,154.00000000,88.00000000,37826.00000000,pos,107,53.00000000,14.00000000,40.00000000,15.04640000,pos,114,56.00000000,19.00000000,39.00000000,21.21380000,neu,0,0.00000000,0.00000000,0.00000000,0.00000000,18,306.00000000,261.00000000,52000.00000000
2024-04-24,7.24300000,7.50000000,6.85700000,6.93100000,6094306.22000000,43770713.70024000,101315,66414.00000000,67070.43000000,63606.06000000,64289.59000000,33595.69637000,2195714861.65765619,1784897,3219.46000000,3293.56000000,3104.90000000,3140.80000000,393314.34140000,1261617674.78529501,1130370,606.20000000,618.50000000,592.60000000,608.80000000,656953.67700000,398136610.03930002,544681,7.50165000,7.50672620,9.18303970,7.50165000,5.82026030,39.52228370,-0.49248477,-0.54696625,33.70900478,48.88175907,47.78676588,14.64186124,0.61977224,35.82839256,64.00000000,35.00000000,44389.00000000,pos,119,51.00000000,28.00000000,40.00000000,8.15850000,pos,130,59.00000000,38.00000000,33.00000000,16.03480000,neu,1,0.00000000,0.00000000,1.00000000,0.00000000,35,305.00000000,297.00000000,66000.00000000
2024-04-25,6.93200000,7.00100000,6.70300000,6.86200000,4296277.37000000,29522566.81950000,71088,64289.58000000,65297.94000000,62794.00000000,64498.34000000,31341.46338000,2007704069.26227283,1375324,3140.79000000,3191.64000000,3072.20000000,3155.80000000,352288.55020000,1104939534.27499700,861077,608.80000000,617.90000000,600.70000000,613.20000000,453745.51700000,276456819.92680001,353114,7.42580000,7.44532371,9.07865820,7.42580000,5.77294180,38.82678016,-0.48394594,-0.53436219,33.88913535,45.65307370,47.62182710,-11.66044324,0.59678850,36.22164704,21.00000000,26.00000000,33468.00000000,pos,151,65.00000000,41.00000000,45.00000000,14.05500000,pos,114,50.00000000,24.00000000,40.00000000,19.03740000,neu,0,0.00000000,0.00000000,0.00000000,0.00000000,22,242.00000000,219.00000000,48000.00000000
2024-04-26,6.86300000,6.95100000,6.71400000,6.76400000,4650325.63000000,31794011.83922000,67383,64498.33000000,64820.01000000,63297.48000000,63770.01000000,27085.19346000,1736631357.35373878,1025561,3155.81000000,3167.70000000,3102.00000000,3131.30000000,252522.65500000,792255507.86255813,628635,613.30000000,615.00000000,597.00000000,598.00000000,302119.88400000,182921811.31279999,269508,7.33930000,7.38043574,8.93973645,7.33930000,5.73886355,37.80909083,-0.47955858,-0.52340147,34.05639944,47.37662571,47.30381949,-14.45313056,0.57108933,41.68194345,29.00000000,24.00000000,26619.00000000,pos,117,49.00000000,29.00000000,39.00000000,12.17380000,pos,106,51.00000000,22.00000000,33.00000000,16.54210000,neu,0,0.00000000,0.00000000,0.00000000,0.00000000,14,292.00000000,324.00000000,42000.00000000
2024-04-27,6.76500000,6.86600000,6.51100000,6.80700000,3888055.62000000,26004283.68863000,64779,63770.00000000,63923.41000000,62391.24000000,63461.98000000,20933.06052000,1320337707.78711605,912422,3131.30000000,3285.00000000,3066.74000000,3255.56000000,323811.19190000,1027413859.24945700,734026,598.00000000,599.70000000,585.00000000,596.20000000,268783.91200000,159075524.04249999,233820,7.24445000,7.32582281,8.73092173,7.24445000,5.75797827,38.56992836,-0.46722594,-0.51216636,34.50881315,47.54470289,46.85813410,-44.80933586,0.55565437,49.72655271,17.00000000,17.00000000,25565.00000000,pos,101,45.00000000,28.00000000,28.00000000,10.16370000,pos,138,69.00000000,29.00000000,40.00000000,18.93970000,neu,0,0.00000000,0.00000000,0.00000000,0.00000000,7,248.00000000,179.00000000,41000.00000000
2024-04-28,6.80800000,6.95100000,6.69000000,6.72800000,2445507.20000000,16773666.67295000,43208,63461.98000000,64370.00000000,62781.00000000,63118.62000000,16949.20005000,1078450016.47322965,790652,3255.55000000,3357.40000000,3250.45000000,3263.45000000,304766.00900000,1006628332.29004502,753239,596.20000000,609.00000000,596.20000000,600.20000000,258059.43100000,155563327.32730001,206703,7.12870000,7.26888730,8.37865746,7.12870000,5.87874254,37.65839996,-0.45854109,-0.50144131,34.64239965,45.17409754,46.69847538,-30.25053553,0.53460763,40.49071273,16.00000000,20.00000000,20954.00000000,pos,82,40.00000000,15.00000000,27.00000000,12.85990000,pos,106,48.00000000,24.00000000,34.00000000,17.82380000,neu,0,0.00000000,0.00000000,0.00000000,0.00000000,13,173.00000000,165.00000000,26000.00000000
2024-04-29,6.72600000,6.82600000,6.47000000,6.58700000,3658934.18000000,24113568.60672000,63006,63118.62000000,64228.35000000,61765.53000000,63866.00000000,28150.22947000,1765038324.68372130,1152296,3263.44000000,3286.95000000,3115.13000000,3216.73000000,421831.29120000,1345237182.55342889,943719,600.20000000,602.80000000,581.30000000,592.80000000,330474.00500000,194895190.94589999,271926,7.02510000,7.20394565,8.07856379,7.02510000,5.97163621,36.02208492,-0.45775905,-0.49270486,35.10165382,34.25566957,42.32482333,-73.57892949,0.52184994,29.27958212,69.00000000,37.00000000,33959.00000000,pos,115,55.00000000,18.00000000,42.00000000,17.58370000,pos,125,58.00000000,29.00000000,38.00000000,23.76870000,neu,0,0.00000000,0.00000000,0.00000000,0.00000000,24,260.00000000,188.00000000,41000.00000000
2024-04-30,6.58800000,6.66900000,6.04000000,6.42500000,7667235.19000000,48530605.89353000,115512,63866.00000000,64734.00000000,59191.60000000,60672.00000000,54947.65535000,3372142467.43225241,1985671,3216.74000000,3250.95000000,2921.00000000,3014.05000000,561717.48660000,1710124473.49570274,1292873,592.80000000,604.30000000,555.70000000,578.40000000,766513.44600000,442024066.47450000,486465,6.92595000,7.12976035,7.79773242,6.92595000,6.05416758,34.18422912,-0.46485279,-0.48713444,36.09380494,27.84858007,35.75944906,-133.97426808,0.52950352,28.56688139,51.00000000,55.00000000,48709.00000000,pos,142,49.00000000,39.00000000,54.00000000,8.24450000,pos,187,77.00000000,60.00000000,50.00000000,11.29640000,pos,1,1.00000000,0.00000000,0.00000000,0.81260000,23,379.00000000,377.00000000,70000.00000000
2024-05-01,6.42300000,6.93500000,6.12900000,6.89900000,9928379.44000000,64889057.77625000,175570,60672.01000000,60841.63000000,56552.82000000,58364.97000000,81166.46823000,4705572361.74020004,2401089,3014.04000000,3023.24000000,2817.00000000,2972.46000000,624963.77730000,1827523436.86029291,1365039,578.40000000,580.40000000,536.70000000,561.80000000,669027.31800000,371042856.39670002,427425,6.85170000,7.10778318,7.41108863,6.85170000,6.29231137,43.29964301,-0.42730113,-0.47516778,36.14053957,34.84451578,32.31625514,-60.16650517,0.54925327,40.19132808,42.00000000,50.00000000,83718.00000000,pos,130,50.00000000,27.00000000,53.00000000,13.98820000,pos,177,98.00000000,30.00000000,49.00000000,43.54730000,neu,0,0.00000000,0.00000000,0.00000000,0.00000000,36,327.00000000,340.00000000,107000.00000000
2024-05-02,6.90000000,7.40900000,6.69400000,7.27300000,5866303.67000000,41407190.75191000,109002,58364.97000000,59625.00000000,56911.84000000,59060.61000000,47583.81961000,2778840305.05057859,1572898,2972.46000000,3016.72000000,2893.26000000,2986.19000000,365939.71910000,1084862887.84794307,880167,561.80000000,565.90000000,539.50000000,560.50000000,359794.31500000,200004508.94470000,250921,6.85335000,7.12351811,7.41748483,6.85335000,6.28921517,49.26986380,-0.36317602,-0.45276943,34.85339473,53.51047742,38.73452443,61.80068233,0.56109232,42.20466225,87.00000000,57.00000000,61208.00000000,pos,461,222.00000000,94.00000000,145.00000000,69.10740000,pos,374,195.00000000,59.00000000,120.00000000,83.78850000,neg,1,0.00000000,1.00000000,0.00000000,-0.44040000,25,270.00000000,282.00000000,71000.00000000
2024-05-03,7.27200000,7.38600000,7.00200000,7.24500000,6917886.48000000,49700402.13008000,109634,59060.60000000,63333.00000000,58811.32000000,62882.01000000,43628.40143000,2658193708.34790421,1558661,2986.19000000,3126.99000000,2958.32000000,3102.61000000,355825.83910000,1081409861.15412307,859542,560.50000000,590.00000000,558.90000000,587.00000000,342906.43300000,196300747.86000001,257575,6.89620000,7.13508782,7.44234233,6.89620000,6.35005767,48.85511442,-0.31103042,-0.42442163,33.65818881,71.22488658,53.19329326,72.86047925,0.54844287,52.26843774,52.00000000,40.00000000,46255.00000000,pos,573,260.00000000,145.00000000,168.00000000,66.48430000,pos,474,231.00000000,70.00000000,173.00000000,95.73910000,pos,1,1.00000000,0.00000000,0.00000000,0.82680000,22,386.00000000,635.00000000,69000.00000000
2024-05-04,7.24400000,7.28000000,7.10500000,7.12200000,3557671.87000000,25538079.66083000,71120,62882.01000000,64540.00000000,62541.03000000,63892.04000000,24368.69282000,1547468697.87657952,1113509,3102.61000000,3168.00000000,3092.85000000,3117.23000000,196263.94880000,613297368.10061800,575026,587.00000000,593.60000000,582.50000000,585.70000000,197129.25100000,115907821.40019999,210303,6.90955000,7.13384136,7.46400125,6.90955000,6.35509875,46.98405887,-0.27644306,-0.39482591,32.54835474,76.04234176,66.92590192,57.11815206,0.52176838,46.91567580,68.00000000,50.00000000,34251.00000000,pos,407,178.00000000,72.00000000,157.00000000,56.56490000,pos,472,215.00000000,118.00000000,139.00000000,64.78430000,neu,0,0.00000000,0.00000000,0.00000000,0.00000000,14,203.00000000,232.00000000,49000.00000000
2024-05-05,7.12200000,7.40000000,7.01400000,7.30200000,4163778.64000000,29929648.88411000,72928,63892.03000000,64646.00000000,62822.17000000,64012.00000000,18526.75029000,1182572239.53061843,992921,3117.24000000,3171.93000000,3072.99000000,3136.41000000,218760.26620000,684143592.81457901,600693,585.70000000,595.00000000,579.30000000,592.00000000,180458.23600000,106025278.22710000,180794,6.93925000,7.14985647,7.51071019,6.93925000,6.36778981,50.00180728,-0.23183538,-0.36222781,31.16939690,76.66882696,74.64535177,71.03117506,0.51207064,47.83655697,37.00000000,52.00000000,29197.00000000,pos,417,184.00000000,82.00000000,151.00000000,56.88840000,pos,499,198.00000000,134.00000000,167.00000000,46.71390000,neu,0,0.00000000,0.00000000,0.00000000,0.00000000,6,320.00000000,284.00000000,47000.00000000
2024-05-06,7.30300000,7.47300000,7.06000000,7.12100000,4753151.15000000,34575115.49700000,94264,64012.00000000,65500.00000000,62700.00000000,63165.19000000,34674.91949000,2218131198.46613216,1392557,3136.40000000,3221.40000000,3046.35000000,3062.60000000,355135.30270000,1111315631.57641411,873200,592.00000000,602.30000000,583.10000000,588.20000000,278669.00500000,164915187.63339999,248490,6.96020000,7.14710823,7.52602704,6.96020000,6.39437296,47.09861725,-0.20868309,-0.33151886,29.67587956,74.61156035,75.77424302,71.85658769,0.50499416,40.64035233,49.00000000,71.00000000,40027.00000000,pos,482,229.00000000,77.00000000,176.00000000,87.53050000,pos,531,250.00000000,129.00000000,152.00000000,75.55920000,neu,0,0.00000000,0.00000000,0.00000000,0.00000000,25,339.00000000,249.00000000,59000.00000000
2024-05-07,7.11900000,7.29500000,6.97900000,6.99300000,3682848.45000000,26341986.89067000,64947,63165.18000000,64422.41000000,62261.00000000,62312.08000000,25598.79472000,1624531631.59237671,1272898,3062.59000000,3129.85000000,2998.00000000,3005.69000000,298796.68290000,917252045.68820322,815246,588.20000000,600.40000000,576.00000000,576.50000000,289488.70900000,170615635.12220001,266127,6.98070000,7.13243126,7.51943782,6.98070000,6.44196218,45.10417008,-0.19837650,-0.30489039,28.48463682,72.99517230,74.75851987,45.52271428,0.49149458,41.38814089,21.00000000,25.00000000,31028.00000000,pos,495,240.00000000,102.00000000,153.00000000,81.76750000,pos,494,236.00000000,109.00000000,149.00000000,75.86100000,neu,0,0.00000000,0.00000000,0.00000000,0.00000000,28,296.00000000,205.00000000,42000.00000000
2024-05-08,6.99200000,7.18900000,6.89300000,6.98300000,3774626.84000000,26568875.86413000,75550,62312.07000000,63020.22000000,60888.00000000,61193.03000000,26121.19004000,1623561041.12551880,1415152,3005.69000000,3038.15000000,2936.48000000,2974.21000000,266934.81250000,800460076.63566720,830635,576.50000000,590.00000000,574.40000000,588.60000000,297016.61700000,173445200.09709999,249379,6.99065000,7.11819971,7.52178587,6.99065000,6.45951413,44.94404431,-0.18883856,-0.28168002,27.58799192,67.66759834,71.75811033,28.64809082,0.47753068,42.83965217,17.00000000,24.00000000,32040.00000000,pos,426,189.00000000,99.00000000,138.00000000,56.80180000,pos,494,255.00000000,86.00000000,153.00000000,104.80660000,neu,0,0.00000000,0.00000000,0.00000000,0.00000000,24,230.00000000,177.00000000,49000.00000000
2024-05-09,6.98200000,7.08900000,6.78200000,7.05000000,3379414.81000000,23494022.92313000,75016,61193.03000000,63429.03000000,60630.00000000,63074.01000000,30660.80610000,1895849912.77347589,1381957,2974.20000000,3059.00000000,2950.77000000,3036.23000000,238561.74620000,715090822.07620502,686147,588.60000000,605.80000000,586.30000000,596.80000000,464857.60100000,277461169.03200001,332988,7.00905000,7.11170450,7.52130247,7.00905000,6.49679753,46.31911091,-0.17386908,-0.26011783,27.02419282,67.18716044,69.28331036,12.46288739,0.46534992,43.37443781,18.00000000,17.00000000,29314.00000000,pos,475,257.00000000,84.00000000,134.00000000,102.17980000,pos,464,222.00000000,108.00000000,134.00000000,76.58710000,neu,0,0.00000000,0.00000000,0.00000000,0.00000000,16,188.00000000,257.00000000,50000.00000000